dimention,mpageid,Y-Image Dimentions,X-Image Dimentions
"(200, 133)",M1086035.jpg,133,200
"(200, 133)",M1086147.jpg,133,200
"(200, 200)",M11010144.jpg,200,200
"(200, 150)",M11127822.jpg,150,200
"(200, 125)",M11192744.jpg,125,200
"(200, 285)",M11254081.jpg,285,200
"(200, 150)",M11326279.JPG,150,200
"(200, 299)",M11366054.jpg,299,200
"(200, 300)",M11378433.jpg,300,200
"(200, 272)",M11495762.jpg,272,200
"(200, 145)",M11711440.JPG,145,200
"(199, 150)",M11801166.jpg,150,199
"(200, 150)",M1193803.JPG,150,200
"(200, 300)",M12036265.JPG,300,200
"(200, 267)",M12127693.jpg,267,200
"(200, 123)",M12172381.jpg,123,200
"(200, 267)",M12721001.jpg,267,200
"(200, 133)",M13973.jpg,133,200
"(200, 133)",M14936201.jpg,133,200
"(200, 250)",M15040830.jpg,250,200
"(200, 250)",M151972.jpg,250,200
"(200, 301)",M15203845.jpg,301,200
"(200, 147)",M15351085.jpg,147,200
"(200, 189)",M1564036.jpg,189,200
"(200, 150)",M15682048.jpg,150,200
"(200, 321)",M15845229.jpg,321,200
"(200, 300)",M15925090.jpg,300,200
"(200, 133)",M15960507.jpg,133,200
"(200, 226)",M164959.jpg,226,200
"(200, 133)",M1685417.jpg,133,200
"(200, 113)",M16922847.jpg,113,200
"(200, 150)",M17087210.jpg,150,200
"(200, 133)",M17171227.jpg,133,200
"(200, 300)",M17287612.jpg,300,200
"(200, 123)",M17355492.jpg,123,200
"(200, 312)",M17492101.jpg,312,200
"(200, 254)",M17649210.jpg,254,200
"(200, 133)",M17910617.jpg,133,200
"(200, 132)",M17924651.JPG,132,200
"(200, 142)",M18112394.jpg,142,200
"(200, 319)",M18149226.jpg,319,200
"(200, 240)",M18149323.jpg,240,200
"(200, 133)",M18318462.jpg,133,200
"(200, 145)",M1835155.jpg,145,200
"(200, 138)",M18418463.JPG,138,200
"(200, 168)",M18523021.jpg,168,200
"(200, 133)",M18906321.jpg,133,200
"(200, 135)",M19081817.JPG,135,200
"(200, 200)",M19296088.jpg,200,200
"(200, 126)",M19584033.jpg,126,200
"(200, 189)",M19723954.jpg,189,200
"(200, 123)",M19748185.jpg,123,200
"(200, 141)",M20034536.jpg,141,200
"(199, 115)",M20224699.JPG,115,199
"(200, 384)",M20271983.jpg,384,200
"(200, 108)",M20309338.jpg,108,200
"(200, 124)",M20372824.png,124,200
"(200, 142)",M20420642.JPG,142,200
"(200, 165)",M20642221.jpg,165,200
"(200, 144)",M2094427.jpg,144,200
"(200, 232)",M21142908.png,232,200
"(200, 378)",M21298355.png,378,200
"(200, 133)",M21473036.jpg,133,200
"(200, 133)",M217417.jpg,133,200
"(200, 148)",M21893658.jpg,148,200
"(200, 200)",M22174701.jpg,200,200
"(200, 142)",M22416093.jpg,142,200
"(200, 150)",M22475327.jpg,150,200
"(200, 140)",M22552194.jpg,140,200
"(200, 141)",M22834530.JPG,141,200
"(200, 287)",M2316155.jpg,287,200
"(200, 119)",M23270628.jpg,119,200
"(200, 161)",M24107354.jpg,161,200
"(200, 150)",M2431391.jpg,150,200
"(200, 136)",M24706776.jpg,136,200
"(200, 150)",M2471339.jpg,150,200
"(200, 253)",M24722150.jpg,253,200
"(200, 133)",M24867972.jpg,133,200
"(200, 56)",M24950848.jpg,56,200
"(200, 133)",M25211373.jpg,133,200
"(200, 150)",M2530565.jpg,150,200
"(200, 267)",M25375183.jpg,267,200
"(200, 133)",M25460210.jpg,133,200
"(200, 139)",M25478767.JPG,139,200
"(200, 245)",M25578252.jpg,245,200
"(200, 150)",M25623232.jpg,150,200
"(200, 300)",M25672593.jpg,300,200
"(200, 301)",M25675078.jpg,301,200
"(200, 132)",M25692738.jpg,132,200
"(200, 133)",M25881901.jpg,133,200
"(200, 153)",M25890586.JPG,153,200
"(200, 133)",M2637848.jpg,133,200
"(200, 113)",M26438930.jpg,113,200
"(200, 150)",M26539.jpg,150,200
"(200, 140)",M26676892.jpg,140,200
"(200, 551)",M26686856.jpg,551,200
"(200, 133)",M2694592.jpg,133,200
"(200, 133)",M27480678.jpg,133,200
"(200, 113)",M27778849.jpg,113,200
"(200, 300)",M28150454.jpg,300,200
"(200, 267)",M28239784.jpg,267,200
"(200, 300)",M28263516.jpg,300,200
"(200, 304)",M28670185.JPG,304,200
"(200, 113)",M28710276.jpg,113,200
"(200, 133)",M2929515.jpg,133,200
"(200, 133)",M29354066.jpg,133,200
"(200, 281)",M29399965.JPG,281,200
"(200, 133)",M29680269.jpg,133,200
"(200, 126)",M29956015.JPG,126,200
"(200, 287)",M29986565.jpg,287,200
"(200, 267)",M29986667.jpg,267,200
"(200, 262)",M30014037.jpg,262,200
"(200, 133)",M30255498.jpg,133,200
"(200, 150)",M30270750.jpg,150,200
"(200, 140)",M30326465.jpg,140,200
"(200, 150)",M304872.jpg,150,200
"(200, 300)",M30501160.jpg,300,200
"(200, 219)",M30993040.jpg,219,200
"(200, 113)",M31077128.jpg,113,200
"(200, 133)",M3117060.JPG,133,200
"(200, 117)",M32241252.jpg,117,200
"(200, 133)",M32412716.jpg,133,200
"(200, 259)",M33265591.jpg,259,200
"(200, 141)",M33475156.jpg,141,200
"(200, 162)",M33531834.jpg,162,200
"(200, 71)",M33899472.jpg,71,200
"(200, 133)",M33910578.jpg,133,200
"(200, 300)",M34030638.jpg,300,200
"(200, 363)",M34219048.jpg,363,200
"(200, 324)",M34219049.jpg,324,200
"(198, 68)",M3432546.JPG,68,198
"(200, 133)",M34384790.JPG,133,200
"(199, 132)",M34672033.jpg,132,199
"(200, 133)",M34950916.jpg,133,200
"(200, 133)",M34950945.jpg,133,200
"(200, 303)",M35095858.jpg,303,200
"(200, 155)",M350965.jpg,155,200
"(200, 308)",M35113413.JPG,308,200
"(200, 139)",M3511801.jpg,139,200
"(200, 307)",M35176249.jpg,307,200
"(200, 132)",M35419812.jpg,132,200
"(200, 162)",M35479249.jpg,162,200
"(200, 150)",M35770.jpg,150,200
"(200, 258)",M35981866.jpg,258,200
"(200, 112)",M36679452.jpg,112,200
"(200, 133)",M36789577.jpg,133,200
"(200, 131)",M37068596.jpg,131,200
"(200, 316)",M37183543.jpg,316,200
"(200, 141)",M37204145.jpg,141,200
"(200, 302)",M38062847.jpg,302,200
"(200, 143)",M38086763.jpg,143,200
"(200, 81)",M38126487.jpg,81,200
"(200, 133)",M38212977.JPG,133,200
"(199, 132)",M38628129.jpg,132,199
"(200, 134)",M3872873.jpg,134,200
"(200, 133)",M39217058.jpg,133,200
"(200, 113)",M39235750.jpg,113,200
"(200, 301)",M39409389.jpg,301,200
"(200, 140)",M39532788.jpg,140,200
"(200, 150)",M40015849.jpg,150,200
"(200, 209)",M40169573.jpg,209,200
"(200, 300)",M40379607.jpg,300,200
"(200, 113)",M40628156.jpg,113,200
"(200, 200)",M40634538.jpg,200,200
"(200, 106)",M4105892.jpg,106,200
"(200, 264)",M41095524.jpg,264,200
"(200, 126)",M41105668.jpg,126,200
"(200, 134)",M41579303.jpg,134,200
"(200, 132)",M41607603.JPG,132,200
"(200, 133)",M42053898.jpg,133,200
"(200, 125)",M42131175.jpg,125,200
"(200, 133)",M42544577.jpg,133,200
"(200, 104)",M42770681.JPG,104,200
"(200, 307)",M42829688.jpg,307,200
"(200, 133)",M42935844.jpg,133,200
"(200, 143)",M43290467.jpg,143,200
"(200, 135)",M4332968.jpg,135,200
"(200, 150)",M43447057.jpg,150,200
"(200, 133)",M43468863.jpg,133,200
"(200, 133)",M4366898.jpg,133,200
"(200, 346)",M43685557.jpg,346,200
"(200, 116)",M44039081.jpg,116,200
"(200, 133)",M44051856.jpg,133,200
"(200, 133)",M44116185.JPG,133,200
"(200, 238)",M44122336.jpg,238,200
"(200, 206)",M44123667.jpg,206,200
"(200, 194)",M44123669.JPG,194,200
"(200, 170)",M44180967.JPG,170,200
"(200, 133)",M4440785.jpg,133,200
"(200, 167)",M44704958.jpg,167,200
"(199, 133)",M45246844.jpg,133,199
"(200, 141)",M45267619.jpg,141,200
"(200, 133)",M45581404.jpg,133,200
"(200, 145)",M4565837.jpg,145,200
"(199, 133)",M45712482.jpg,133,199
"(200, 132)",M46273772.jpg,132,200
"(200, 314)",M47365952.JPG,314,200
"(200, 307)",M47499525.jpg,307,200
"(200, 303)",M47500681.jpg,303,200
"(200, 103)",M47641444.JPG,103,200
"(200, 133)",M48249455.jpg,133,200
"(200, 211)",M49179423.jpg,211,200
"(200, 153)",M49722530.jpg,153,200
"(200, 113)",M49729391.jpg,113,200
"(200, 133)",M49759646.jpg,133,200
"(200, 125)",M49804072.jpg,125,200
"(200, 133)",M501520.JPG,133,200
"(200, 133)",M50208570.jpg,133,200
"(200, 126)",M50283159.jpg,126,200
"(200, 143)",M50970683.jpg,143,200
"(200, 133)",M51186301.jpg,133,200
"(200, 133)",M51304805.jpg,133,200
"(200, 133)",M51333340.jpg,133,200
"(200, 150)",M51445254.jpg,150,200
"(200, 133)",M51462670.jpg,133,200
"(200, 157)",M51505686.jpg,157,200
"(200, 185)",M51769571.jpg,185,200
"(200, 125)",M52148464.jpg,125,200
"(200, 48)",M52215165.jpg,48,200
"(200, 212)",M52461688.JPG,212,200
"(200, 133)",M52511524.jpg,133,200
"(200, 133)",M52635344.jpg,133,200
"(200, 175)",M52691244.jpg,175,200
"(200, 377)",M52694241.jpg,377,200
"(200, 405)",M52798327.jpg,405,200
"(198, 68)",M52818721.jpg,68,198
"(200, 299)",M52828268.jpg,299,200
"(200, 144)",M53288260.jpg,144,200
"(199, 104)",M54851375.jpg,104,199
"(200, 289)",M54881834.jpg,289,200
"(200, 148)",M55029644.jpg,148,200
"(200, 131)",M55047562.jpg,131,200
"(199, 113)",M55049648.jpg,113,199
"(200, 133)",M55053689.jpg,133,200
"(200, 126)",M55333735.jpg,126,200
"(200, 134)",M5540593.jpg,134,200
"(200, 133)",M56693660.jpg,133,200
"(200, 133)",M56855696.jpg,133,200
"(200, 133)",M58219114.jpg,133,200
"(200, 300)",M58219133.jpg,300,200
"(200, 300)",M58219135.jpg,300,200
"(200, 300)",M58227507.jpg,300,200
"(200, 300)",M58227522.jpg,300,200
"(200, 250)",M59064485.jpg,250,200
"(200, 142)",M59064518.jpg,142,200
"(200, 133)",M59132720.jpg,133,200
"(200, 133)",M59132805.jpg,133,200
"(200, 300)",M59197080.jpg,300,200
"(200, 200)",M59919021.jpg,200,200
"(200, 300)",M60275947.jpg,300,200
"(200, 300)",M60275956.jpg,300,200
"(200, 400)",M60275973.jpg,400,200
"(200, 300)",M60276025.jpg,300,200
"(200, 300)",M60276107.jpg,300,200
"(200, 169)",M60355579.jpg,169,200
"(200, 200)",M60975657.jpg,200,200
"(200, 204)",M61457535.jpg,204,200
"(200, 145)",M61514687.jpg,145,200
"(200, 133)",M61619827.jpg,133,200
"(200, 150)",M62040584.jpg,150,200
"(200, 356)",M62082860.jpg,356,200
"(200, 267)",M62082909.jpg,267,200
"(199, 133)",M62443281.jpg,133,199
"(200, 150)",M62449588.jpg,150,200
"(200, 267)",M62695681.jpg,267,200
"(200, 214)",M62729993.jpg,214,200
"(200, 150)",M62771713.JPG,150,200
"(200, 133)",M63225202.jpg,133,200
"(199, 133)",M63225223.jpg,133,199
"(200, 133)",M63225316.jpg,133,200
"(200, 133)",M63229610.jpg,133,200
"(199, 133)",M63244213.jpg,133,199
"(200, 133)",M63266759.jpg,133,200
"(200, 267)",M63345221.jpg,267,200
"(200, 133)",M63349476.jpg,133,200
"(200, 133)",M63563015.jpg,133,200
"(200, 133)",M63740170.jpg,133,200
"(200, 133)",M6383771.jpg,133,200
"(200, 267)",M63870451.jpg,267,200
"(200, 133)",M63938553.jpg,133,200
"(200, 133)",M63980768.jpg,133,200
"(200, 115)",M64005663.jpg,115,200
"(200, 150)",M64010002.jpg,150,200
"(200, 133)",M64148013.jpg,133,200
"(200, 133)",M64280613.jpg,133,200
"(200, 130)",M64320068.jpg,130,200
"(200, 140)",M64331557.jpg,140,200
"(200, 356)",M64363396.jpg,356,200
"(200, 356)",M64363399.jpg,356,200
"(200, 130)",M644089.jpg,130,200
"(200, 133)",M64703060.jpg,133,200
"(200, 161)",M64728255.jpg,161,200
"(200, 300)",M64817050.jpg,300,200
"(200, 124)",M65086793.jpg,124,200
"(200, 133)",M65115451.jpg,133,200
"(199, 133)",M65938955.jpg,133,199
"(200, 133)",M66084694.jpg,133,200
"(200, 133)",M66239726.jpg,133,200
"(200, 225)",M66768056.jpg,225,200
"(199, 112)",M66870395.jpg,112,199
"(199, 132)",M66880046.jpg,132,199
"(200, 133)",M68325580.jpg,133,200
"(200, 301)",M68360019.jpg,301,200
"(200, 133)",M68549884.jpg,133,200
"(200, 240)",M68608952.jpg,240,200
"(200, 133)",M68767776.jpg,133,200
"(200, 138)",M68927700.jpg,138,200
"(199, 112)",M68960758.jpg,112,199
"(200, 96)",M6907832.jpg,96,200
"(200, 133)",M6936317.jpg,133,200
"(200, 133)",M69416753.jpg,133,200
"(200, 268)",M6943031.jpg,268,200
"(200, 133)",M69729545.jpg,133,200
"(200, 133)",M69811691.jpg,133,200
"(200, 300)",M70039125.jpg,300,200
"(200, 133)",M70100115.jpg,133,200
"(200, 400)",M70340592.jpg,400,200
"(200, 356)",M70340593.jpg,356,200
"(200, 133)",M70345235.jpg,133,200
"(200, 131)",M70351451.jpg,131,200
"(200, 133)",M70446022.jpg,133,200
"(200, 200)",M70459180.JPG,200,200
"(200, 200)",M70512369.jpg,200,200
"(200, 267)",M70940866.jpg,267,200
"(200, 300)",M71047711.jpg,300,200
"(200, 150)",M71117388.jpg,150,200
"(200, 300)",M71205540.jpg,300,200
"(200, 300)",M71205544.jpg,300,200
"(200, 150)",M71218945.jpg,150,200
"(200, 200)",M71838893.jpg,200,200
"(200, 108)",M72423048.jpg,108,200
"(200, 300)",M72423510.jpg,300,200
"(200, 113)",M72488587.jpg,113,200
"(200, 133)",M72845677.jpg,133,200
"(200, 150)",M73040018.JPG,150,200
"(200, 133)",M73239069.jpg,133,200
"(200, 129)",M73384072.jpg,129,200
"(200, 170)",M73430876.jpg,170,200
"(200, 249)",M73448145.jpg,249,200
"(200, 133)",M73459087.jpg,133,200
"(200, 103)",M73595820.jpg,103,200
"(200, 266)",M73793800.jpg,266,200
"(200, 114)",M73793808.jpg,114,200
"(200, 267)",M73939457.jpg,267,200
"(200, 133)",M74016974.jpg,133,200
"(200, 200)",M74064007.png,200,200
"(200, 200)",M74064009.png,200,200
"(200, 200)",M74064010.png,200,200
"(200, 200)",M74064018.png,200,200
"(200, 300)",M74403823.jpg,300,200
"(200, 267)",M74420423.jpg,267,200
"(200, 133)",M74486440.jpg,133,200
"(200, 250)",M74637453.jpg,250,200
"(200, 255)",M7480958.jpg,255,200
"(200, 133)",M75087948.jpg,133,200
"(200, 300)",M75270713.jpg,300,200
"(200, 125)",M75605790.jpg,125,200
"(200, 160)",M756581.png,160,200
"(200, 133)",M75975319.jpg,133,200
"(200, 133)",M75975394.jpg,133,200
"(200, 354)",M76023768.jpg,354,200
"(200, 249)",M76106630.jpg,249,200
"(200, 267)",M76306021.jpg,267,200
"(200, 133)",M76307130.jpg,133,200
"(200, 187)",M76367592.jpg,187,200
"(200, 171)",M76424234.jpg,171,200
"(200, 267)",M76452809.jpg,267,200
"(200, 267)",M76557804.jpg,267,200
"(200, 112)",M76577451.jpg,112,200
"(200, 150)",M76682150.jpg,150,200
"(200, 134)",M76695294.jpg,134,200
"(200, 131)",M76695307.jpg,131,200
"(200, 300)",M76695315.jpg,300,200
"(200, 150)",M76720847.jpg,150,200
"(200, 133)",M76791450.jpg,133,200
"(200, 116)",M76854866.jpg,116,200
"(200, 150)",M76995001.jpg,150,200
"(200, 132)",M77011415.jpg,132,200
"(200, 132)",M77214539.jpg,132,200
"(200, 132)",M77344014.jpg,132,200
"(200, 132)",M77348159.jpg,132,200
"(200, 133)",M77359859.jpg,133,200
"(200, 133)",M77364472.jpg,133,200
"(200, 301)",M77364481.jpg,301,200
"(200, 149)",M7750107.jpg,149,200
"(200, 293)",M77603412.jpg,293,200
"(200, 133)",M77666670.jpg,133,200
"(200, 133)",M77716584.jpg,133,200
"(200, 150)",M77740868.jpg,150,200
"(200, 143)",M77846308.JPG,143,200
"(200, 133)",M77943017.jpg,133,200
"(200, 301)",M77948174.jpg,301,200
"(200, 137)",M78073663.jpg,137,200
"(200, 181)",M7823406.jpg,181,200
"(200, 771)",M78237053.jpg,771,200
"(200, 267)",M78256930.jpg,267,200
"(200, 150)",M78874959.jpg,150,200
"(200, 150)",M78945116.jpg,150,200
"(200, 150)",M78958278.jpg,150,200
"(200, 150)",M79052693.jpg,150,200
"(200, 112)",M79071759.jpg,112,200
"(200, 133)",M79079940.jpg,133,200
"(200, 133)",M79125914.jpg,133,200
"(200, 254)",M79145908.jpg,254,200
"(200, 267)",M79228750.jpg,267,200
"(200, 133)",M79269299.jpg,133,200
"(200, 200)",M79354968.png,200,200
"(200, 300)",M79435141.jpg,300,200
"(200, 133)",M79480227.jpg,133,200
"(200, 150)",M79491974.jpg,150,200
"(200, 150)",M79491975.jpg,150,200
"(200, 267)",M79602255.jpg,267,200
"(200, 133)",M79681686.jpg,133,200
"(200, 133)",M79681780.jpg,133,200
"(200, 248)",M79690278.jpeg,248,200
"(200, 173)",M79691944.jpeg,173,200
"(200, 162)",M79695478.jpeg,162,200
"(200, 265)",M79696721.jpeg,265,200
"(200, 243)",M79696748.jpeg,243,200
"(200, 200)",M79726615.jpg,200,200
"(200, 134)",M79756397.jpg,134,200
"(200, 267)",M79773115.jpg,267,200
"(200, 150)",M79806107.jpg,150,200
"(200, 267)",M79891417.jpg,267,200
"(200, 267)",M79912251.jpg,267,200
"(200, 133)",M79962780.jpg,133,200
"(200, 133)",M80038656.jpg,133,200
"(200, 182)",M80045224.jpg,182,200
"(200, 251)",M80140001.jpg,251,200
"(200, 112)",M80210189.jpg,112,200
"(199, 104)",M8026834.JPG,104,199
"(200, 150)",M80342653.jpg,150,200
"(200, 150)",M80342654.jpg,150,200
"(200, 149)",M80343970.jpg,149,200
"(200, 133)",M80355968.jpg,133,200
"(200, 356)",M80507811.jpg,356,200
"(200, 332)",M80611330.jpg,332,200
"(200, 150)",M80632799.jpg,150,200
"(200, 150)",M80646213.jpg,150,200
"(200, 110)",M80654820.png,110,200
"(200, 133)",M80694116.jpg,133,200
"(200, 134)",M80730735.jpg,134,200
"(200, 126)",M80761929.jpg,126,200
"(200, 77)",M80901655.jpg,77,200
"(200, 124)",M80954075.jpg,124,200
"(200, 148)",M80978474.png,148,200
"(200, 123)",M8107641.jpg,123,200
"(200, 200)",M81209322.jpg,200,200
"(200, 120)",M8125423.jpg,120,200
"(200, 150)",M81266629.jpg,150,200
"(200, 150)",M81266630.jpg,150,200
"(199, 133)",M8133970.jpg,133,199
"(200, 374)",M81353354.jpg,374,200
"(200, 267)",M81422035.jpg,267,200
"(200, 152)",M81480632.jpg,152,200
"(200, 150)",M81531107.jpg,150,200
"(200, 267)",M81535931.jpg,267,200
"(200, 112)",M81549815.jpg,112,200
"(200, 133)",M81550555.jpg,133,200
"(200, 200)",M81558285.png,200,200
"(200, 300)",M81563831.jpg,300,200
"(200, 150)",M81624189.jpg,150,200
"(200, 133)",M81684561.jpg,133,200
"(200, 150)",M81757400.jpg,150,200
"(200, 150)",M81808776.jpg,150,200
"(200, 262)",M81929483.jpg,262,200
"(200, 321)",M819372.jpg,321,200
"(200, 257)",M81950497.png,257,200
"(200, 125)",M81991607.jpg,125,200
"(200, 925)",M82000512.jpg,925,200
"(200, 441)",M82128568.jpg,441,200
"(200, 267)",M82497179.jpg,267,200
"(200, 112)",M82543605.png,112,200
"(200, 143)",M82562063.jpg,143,200
"(200, 150)",M82789257.jpg,150,200
"(200, 133)",M82869587.jpg,133,200
"(200, 111)",M82984201.jpg,111,200
"(200, 200)",M83008422.jpg,200,200
"(200, 200)",M83008439.jpg,200,200
"(200, 200)",M83008450.jpg,200,200
"(200, 267)",M83008509.jpg,267,200
"(200, 150)",M83008667.jpg,150,200
"(200, 201)",M83008719.jpg,201,200
"(200, 200)",M83008729.jpg,200,200
"(200, 150)",M83008776.jpg,150,200
"(200, 112)",M83032851.jpg,112,200
"(200, 133)",M83046555.jpg,133,200
"(200, 200)",M83104664.png,200,200
"(200, 141)",M83370277.jpg,141,200
"(200, 200)",M83446144.jpg,200,200
"(200, 262)",M83534237.png,262,200
"(200, 186)",M83669878.png,186,200
"(200, 133)",M83791796.jpg,133,200
"(200, 150)",M83848626.jpg,150,200
"(200, 113)",M83927615.jpg,113,200
"(200, 133)",M84012384.jpg,133,200
"(200, 133)",M84029467.jpg,133,200
"(200, 133)",M84176956.jpg,133,200
"(200, 150)",M84333385.jpg,150,200
"(200, 133)",M84370016.jpg,133,200
"(200, 143)",M84603249.jpg,143,200
"(200, 267)",M84789010.jpg,267,200
"(200, 267)",M84833769.jpg,267,200
"(200, 267)",M84842889.jpg,267,200
"(200, 140)",M84863196.jpg,140,200
"(200, 133)",M84863311.jpg,133,200
"(200, 133)",M84863316.jpg,133,200
"(200, 274)",M84870086.jpg,274,200
"(200, 133)",M84889256.png,133,200
"(200, 300)",M84919426.jpg,300,200
"(200, 103)",M85073057.jpg,103,200
"(200, 150)",M85148817.jpg,150,200
"(200, 133)",M85511781.jpg,133,200
"(200, 147)",M85572589.jpg,147,200
"(200, 119)",M85752760.jpg,119,200
"(200, 133)",M85868146.jpg,133,200
"(200, 200)",M85943674.png,200,200
"(200, 294)",M86060725.jpg,294,200
"(200, 133)",M86316076.jpg,133,200
"(200, 267)",M86403950.jpg,267,200
"(200, 150)",M86464433.jpg,150,200
"(200, 150)",M86589883.jpg,150,200
"(200, 150)",M86622007.jpg,150,200
"(200, 356)",M86720997.jpg,356,200
"(200, 134)",M86764275.jpg,134,200
"(200, 341)",M86819218.jpg,341,200
"(200, 133)",M86900309.jpg,133,200
"(200, 301)",M86900410.jpg,301,200
"(200, 329)",M86905371.jpg,329,200
"(200, 267)",M87000974.jpg,267,200
"(200, 159)",M87074244.jpg,159,200
"(200, 133)",M87196460.jpg,133,200
"(200, 118)",M8731537.JPG,118,200
"(200, 267)",M87375831.jpg,267,200
"(200, 112)",M87391619.jpg,112,200
"(200, 267)",M87455879.jpg,267,200
"(200, 300)",M87473700.jpg,300,200
"(200, 132)",M87501307.jpg,132,200
"(200, 133)",M87549198.jpg,133,200
"(200, 133)",M87549199.jpg,133,200
"(200, 154)",M87588707.jpg,154,200
"(200, 150)",M87606683.jpg,150,200
"(200, 150)",M87670648.jpg,150,200
"(200, 150)",M87676537.jpg,150,200
"(200, 150)",M87698346.jpg,150,200
"(200, 150)",M87698349.jpg,150,200
"(200, 150)",M87698359.jpg,150,200
"(200, 144)",M87758259.jpeg,144,200
"(200, 100)",M87776099.jpg,100,200
"(200, 139)",M87820101.jpg,139,200
"(200, 267)",M87830286.jpg,267,200
"(200, 283)",M87837740.jpg,283,200
"(200, 84)",M87840061.jpg,84,200
"(200, 133)",M87867566.jpg,133,200
"(200, 150)",M87950857.jpg,150,200
"(200, 267)",M87968565.jpg,267,200
"(200, 267)",M87969331.jpg,267,200
"(200, 356)",M88051810.jpg,356,200
"(200, 356)",M88067060.jpg,356,200
"(200, 150)",M88070326.jpg,150,200
"(200, 200)",M88080495.jpg,200,200
"(200, 267)",M88129303.jpg,267,200
"(200, 302)",M88143208.png,302,200
"(200, 112)",M88191007.png,112,200
"(200, 130)",M88211017.jpg,130,200
"(200, 168)",M88211842.jpg,168,200
"(200, 148)",M88232231.jpg,148,200
"(200, 267)",M88256541.jpg,267,200
"(200, 112)",M88418525.jpg,112,200
"(200, 146)",M88426243.jpg,146,200
"(200, 150)",M88458746.jpg,150,200
"(200, 123)",M88474616.jpg,123,200
"(200, 256)",M88474635.jpg,256,200
"(200, 133)",M88650959.jpg,133,200
"(200, 144)",M88679382.jpg,144,200
"(200, 150)",M88738861.jpg,150,200
"(200, 133)",M88751318.jpg,133,200
"(200, 133)",M88754208.jpg,133,200
"(200, 172)",M88806406.jpg,172,200
"(200, 267)",M88842740.jpg,267,200
"(200, 150)",M88849372.jpg,150,200
"(200, 112)",M88896113.jpg,112,200
"(200, 200)",M88952552.jpg,200,200
"(200, 268)",M89031875.jpg,268,200
"(200, 142)",M89055347.jpg,142,200
"(200, 131)",M89154532.jpg,131,200
"(200, 113)",M89450414.jpg,113,200
"(200, 150)",M89569673.jpg,150,200
"(200, 133)",M89593611.jpg,133,200
"(200, 267)",M89593612.jpg,267,200
"(200, 133)",M89610281.jpg,133,200
"(200, 411)",M89755782.jpg,411,200
"(200, 267)",M89846421.jpg,267,200
"(200, 296)",M89864217.jpg,296,200
"(200, 303)",M89866019.jpg,303,200
"(200, 356)",M89890443.jpg,356,200
"(200, 202)",M90007700.png,202,200
"(200, 267)",M90043488.jpg,267,200
"(200, 150)",M90098471.jpg,150,200
"(200, 150)",M90141799.jpg,150,200
"(200, 128)",M90162818.jpg,128,200
"(200, 133)",M90163141.jpg,133,200
"(200, 150)",M90177371.jpg,150,200
"(200, 300)",M90190934.jpg,300,200
"(200, 279)",M90246624.jpg,279,200
"(200, 267)",M90256455.jpg,267,200
"(200, 267)",M90258816.jpg,267,200
"(200, 267)",M90262069.jpg,267,200
"(200, 267)",M90341732.jpg,267,200
"(200, 92)",M90514108.jpg,92,200
"(200, 112)",M90524087.jpg,112,200
"(200, 267)",M90677408.jpg,267,200
"(200, 133)",M90687994.jpg,133,200
"(200, 130)",M90752962.jpg,130,200
"(200, 356)",M90876874.jpg,356,200
"(200, 158)",M90890318.jpg,158,200
"(200, 267)",M90890427.jpg,267,200
"(200, 267)",M91024502.jpg,267,200
"(200, 112)",M91082556.png,112,200
"(200, 260)",M91119998.jpg,260,200
"(200, 122)",M91293080.jpg,122,200
"(200, 200)",M91399065.png,200,200
"(200, 267)",M91491664.jpg,267,200
"(200, 112)",M91682698.jpg,112,200
"(200, 112)",M91956587.jpg,112,200
"(200, 152)",M91958313.png,152,200
"(200, 300)",M92009310.jpg,300,200
"(200, 133)",M92068369.jpg,133,200
"(200, 150)",M92098745.jpg,150,200
"(200, 408)",M92197987.jpg,408,200
"(200, 150)",M92270370.jpg,150,200
"(200, 434)",M92384572.jpg,434,200
"(200, 157)",M92510586.jpg,157,200
"(200, 133)",M9437797.jpg,133,200
"(200, 132)",M9519026.jpg,132,200
"(200, 123)",M9545036.jpg,123,200
"(200, 118)",M9617030.JPG,118,200
"(200, 151)",M9809267.jpg,151,200
